score, time
very_large_n
48952, 1.2211616000859067
4959, 1.076878699939698
5634, 1.0105720999417827
27734, 1.1067587999859825
45200, 1.0537305000470951
9837, 1.9933257000520825
50678, 1.2802173000527546
6859, 1.4363681999966502
44686, 0.9927266999147832
3473, 0.849273500032723
