score, time
very_large_n
37687, 0.9017261000117287
169779, 19.503224799991585
37041, 0.7467570999870077
31985, 0.8431493999669328
22974, 0.23720880004111677
34035, 9.149501299951226
132248, 11.99371249997057
21681, 0.229948699939996
21453, 0.23824420000892133
13290, 1.4254638999700546
